Feature,Score
NOCount,138.91196894138452
MolMR,134.97672362409818
