Feature,Score
MolMR,0.4921355878880065
PEOE_VSA10,0.44826671562007014
NOCount,0.3949140019708177
