Feature,Score
MolMR,0.49293985916652927
PEOE_VSA10,0.4645730625988884
NOCount,0.3864375828782207
